{
  "飯田産業_beaed633-6a76-4968-91da-4128e46a3292.png": {
    "count": 1,
    "best_ssim": 0.8754403569881093
  },
  "飯田産業_ec5337b6-60a1-4723-b1ca-aaca9bd1abd9.png": {
    "count": 2,
    "best_ssim": 0.9616021995796297
  },
  "タクトホーム_5bcd0024.png": {
    "count": 1,
    "best_ssim": 0.8236200277869569
  }
}